90000000,Nunc Mauris Sapien PC,"P.O. Box 367, 9876 Nisl. Road",0065042,scelerisque@etnetus.ca,Brett,Harper,50062270883,sociis.natoque.penatibus@augueSedmolestie.ca,2,18,4,7
90000001,Egestas LLP,"P.O. Box 923, 2582 Est St.",4436206,Duis.a.mi@sagittis.org,Jason,Hardin,30258161843,aliquet@estMauriseu.net,6,17,4,9
90000002,Nibh Industries,9837 Varius. St.,4222137,et.arcu@miDuis.edu,Haviva,Donaldson,57528016798,odio.sagittis.semper@fermentumconvallis.edu,3,22,2,17
90000003,Tincidunt Industries,Ap #710-3721 Ullamcorper Road,1288911,Cum.sociis.natoque@tempusscelerisquelorem.edu,Martina,Melendez,52850881684,eu.placerat.eget@purus.edu,1,14,2,7
90000004,Erat Etiam Vestibulum LLC,Ap #577-115 Ipsum Street,5060347,Curabitur.ut@ac.org,Damian,Bridges,11793478093,Nullam.lobortis@nuncac.co.uk,5,8,3,7
90000005,Ultrices Posuere Cubilia Limited,5329 Libero St.,4056111,Fusce.aliquam@pedeultrices.com,Eden,Hahn,08684023423,orci@lacusUtnec.net,6,22,2,11
90000006,Dapibus Rutrum Justo Associates,"Ap #500-5874 Non, St.",4686611,amet.risus@cursusNuncmauris.co.uk,Idona,Jordan,18768568500,adipiscing.fringilla.porttitor@dui.co.uk,4,18,2,5
90000007,Sociis LLP,Ap #613-3551 Pulvinar Rd.,4634714,Nunc.mauris.sapien@laoreet.net,Chancellor,Kirk,49719713457,arcu@molestiedapibus.org,6,9,1,19
90000008,Aliquam Adipiscing Lacus Consulting,6349 Ullamcorper Ave,5168615,ipsum.Phasellus.vitae@augueSedmolestie.org,Brenna,Colon,31229381435,Quisque@musProin.com,1,4,2,2
90000009,Mauris Blandit Corporation,166-5518 Vel Ave,2998756,gravida.non@orciconsectetuer.com,Michelle,Knight,63718624859,Aenean.gravida.nunc@lectusNullam.ca,5,16,1,19
90000010,Magna Ut Ltd,238-1178 Et Ave,9554524,Maecenas@vitaerisus.ca,Xyla,Vaughan,57191801456,Cras.interdum.Nunc@velarcuCurabitur.ca,4,4,1,4
90000011,Elit Pellentesque Company,"1805 Consectetuer, Road",9633259,lacus@eget.net,Keelie,Bray,87289003882,mi.felis@idanteNunc.edu,6,6,2,13
90000012,Eu Institute,9225 Diam. Ave,9990799,Suspendisse.aliquet@vestibulumloremsit.ca,Igor,Cox,58802521623,semper@velit.com,2,11,4,22
90000013,Quis Arcu Vel Company,Ap #577-802 Interdum. Ave,2893228,erat.vitae@Donecluctus.net,Samuel,Bentley,61309312881,molestie@dolor.ca,2,14,2,19
90000014,Justo Associates,"P.O. Box 523, 5879 Vestibulum Road",5632163,at.iaculis@ultricesposuere.com,Illiana,Lane,97211259716,nisl.Maecenas.malesuada@placerataugue.org,1,3,2,8
90000015,Fermentum Metus Incorporated,"P.O. Box 373, 1385 Ac Road",0186563,pellentesque@commodo.co.uk,Ginger,Franks,63782370495,aliquet@pedePraesenteu.com,4,17,1,17
90000016,Laoreet Lectus Quis Incorporated,"P.O. Box 566, 7366 Dolor, Road",7384222,Proin@Proin.ca,Joshua,Kane,00219900359,vehicula.Pellentesque@vulputateullamcorpermagna.co.uk,4,6,3,18
90000017,Leo Incorporated,"P.O. Box 534, 6173 Eu Road",1120444,erat@tortor.org,Chiquita,Atkins,47991693445,luctus@etmagnisdis.org,5,16,1,12
90000018,Tempus Mauris Consulting,"P.O. Box 689, 9189 Fringilla Rd.",0673887,urna@nectempus.net,Wade,Woodard,67664904617,elementum.sem.vitae@nibhdolor.com,6,5,2,7
90000019,Ligula Consectetuer Rhoncus Institute,Ap #177-6465 Aliquam Av.,7681224,facilisi.Sed@tellusPhaselluselit.ca,Brady,Morrow,43107911486,ante@Quisqueac.net,2,15,1,11
90000020,Eget Massa Suspendisse Incorporated,Ap #830-1837 Netus Street,6585500,tincidunt@nonsollicitudina.co.uk,Olga,Alford,89049889097,gravida@ultrices.net,1,10,4,3
90000021,Imperdiet Dictum LLC,613-7147 Diam. Ave,0554504,Suspendisse.dui.Fusce@lectuspedeultrices.org,Desirae,Cooper,94830641931,Donec.sollicitudin.adipiscing@purus.com,4,4,4,10
90000022,Nibh Ltd,Ap #493-2437 Ligula. Street,6446874,nec@Sedidrisus.com,Giacomo,Nelson,47175159798,mattis@anteiaculis.co.uk,3,11,2,4
90000023,Egestas Nunc Institute,"P.O. Box 659, 9359 Nonummy Av.",6174817,metus.In.nec@duiquis.ca,Nora,Garrett,42862371327,arcu.Sed.et@egetlacusMauris.edu,6,14,1,1
90000024,Non Limited,580-8812 Placerat Street,5636099,erat@ipsumac.co.uk,Rajah,Roberts,99141652640,diam.Duis.mi@libero.co.uk,2,8,1,4
90000025,Sapien Consulting,Ap #306-4807 Integer Rd.,2931029,massa.Integer.vitae@laoreet.net,Hammett,Dotson,53246154002,iaculis@felisadipiscing.ca,1,20,1,5
90000026,Nulla Corp.,238-2988 Et Av.,1360920,tempus.mauris.erat@dignissimmagnaa.edu,Carolyn,Merrill,21448079587,aliquam@felispurus.com,5,18,2,17
90000027,Pharetra Quisque Ac Institute,Ap #637-7885 Lorem Ave,4795123,tincidunt.adipiscing@suscipitnonummy.org,Neil,Wolfe,61954416219,blandit.congue@utcursusluctus.ca,2,14,2,2
90000028,Rutrum Non Hendrerit Consulting,1730 Malesuada Rd.,6262529,nulla@purusNullam.org,Cally,Vazquez,06404656497,Aenean.eget.magna@nislMaecenasmalesuada.com,5,6,3,10
90000029,Tristique Neque LLC,"P.O. Box 715, 3674 Dis Av.",0494998,pede.Suspendisse@nonummyFuscefermentum.ca,Martha,Horne,85430817724,libero@eratin.org,6,22,2,18
90000030,Molestie Tellus Aenean Limited,938-4685 Metus Street,1900595,a.enim.Suspendisse@eros.net,Charde,Byrd,96266982970,Nam.tempor@Pellentesquetincidunt.net,5,17,4,4
90000031,Eu Dolor PC,4262 Cursus Avenue,1795546,interdum.feugiat.Sed@malesuadaaugueut.co.uk,Rhiannon,Butler,14349193034,sociis.natoque@Utsagittislobortis.org,1,13,4,16
90000032,Donec Tempor Limited,6263 Arcu Av.,1765722,sit@sociis.org,Zeph,Vance,90874162394,in.magna.Phasellus@Aliquamvulputateullamcorper.org,3,15,3,12
90000033,Enim PC,"P.O. Box 755, 5409 Est. Rd.",0452301,et@Lorem.ca,Nolan,Mays,97662946478,Nam.interdum@non.ca,6,9,2,5
90000034,Convallis Dolor Quisque Institute,"P.O. Box 766, 9054 Ipsum. Av.",2649387,eu.odio@enimsitamet.ca,Kirsten,Acosta,99107459211,elit.pharetra.ut@Nam.edu,5,22,4,16
90000035,Cursus Et Associates,"Ap #887-976 Lorem, St.",6130632,sagittis.Duis.gravida@at.co.uk,Maxine,Good,10163491097,condimentum.Donec@pede.edu,3,16,1,5
90000036,Ac Mi Eleifend Limited,"P.O. Box 675, 4111 Ligula Ave",8615738,Quisque.ornare@dictumsapien.edu,Christian,Snyder,31804529684,Quisque@vulputateeu.ca,2,2,1,13
90000037,Proin Velit Sed Corporation,862-8774 Dolor Rd.,3098121,quis@ligula.com,Nadine,Francis,67533487508,Nunc.pulvinar.arcu@sitamet.co.uk,5,8,3,18
90000038,Eu Eros Nam Consulting,458-516 Eget Av.,7019887,Proin@nislMaecenasmalesuada.co.uk,Danielle,Hurst,08338071086,non.nisi@perconubia.com,2,12,4,17
90000039,Ut Associates,566-7709 Nulla Rd.,3972215,ut.nulla.Cras@enimmi.com,Macaulay,Levy,01448761210,aliquam.adipiscing@sitamet.ca,6,14,1,14
90000040,Diam Incorporated,Ap #255-2522 Duis Avenue,5606782,Mauris.vestibulum.neque@parturientmontes.ca,Keane,Odonnell,36750612289,Quisque@fames.com,6,7,4,5
90000041,Velit Justo Industries,"P.O. Box 546, 9891 Ipsum St.",6974052,sociis.natoque@estacfacilisis.ca,Keaton,Valencia,15733434272,Sed.pharetra@duisemper.org,1,21,1,18
90000042,Ullamcorper Viverra PC,Ap #383-541 Diam Ave,1968937,mauris@venenatisvel.co.uk,Karleigh,Delgado,40936328342,sed.tortor.Integer@Cras.net,1,2,3,15
90000043,Donec Fringilla Donec Industries,"P.O. Box 136, 8254 Pretium St.",3652510,leo.Morbi@Namac.com,Shaine,Mcmillan,30319857756,odio.Nam.interdum@in.net,5,7,2,2
90000044,Ante Bibendum Corporation,"P.O. Box 618, 6601 Luctus Avenue",5329086,dictum.sapien.Aenean@semelitpharetra.co.uk,Xyla,Nichols,66197929752,rutrum.justo.Praesent@sociisnatoquepenatibus.com,6,1,2,16
90000045,Luctus Institute,848-7096 Condimentum. St.,6010698,adipiscing.enim@tellusimperdiet.com,Illana,Dickson,59990586552,elit.pede@scelerisquenequeNullam.ca,5,16,4,2
90000046,Ultrices Vivamus Rhoncus Company,Ap #290-1956 Ligula St.,7782641,sem@sagittisfelisDonec.ca,Lara,Vincent,99430056546,elit@nullaIntincidunt.ca,5,5,3,8
90000047,Luctus Curabitur Egestas Associates,9071 Malesuada Ave,6205046,blandit@miloremvehicula.net,Sara,Ingram,07810473875,fringilla.euismod.enim@musProin.org,5,17,1,8
90000048,Suspendisse Inc.,5982 Facilisis Rd.,6243799,Fusce.mi@acrisusMorbi.com,Slade,Navarro,84866275716,montes.nascetur@Fuscealiquetmagna.net,5,7,2,13
90000049,Vivamus Rhoncus Corp.,"876-6704 Imperdiet, Avenue",9893783,Cum@a.com,Shana,Bridges,39399882287,a.felis@asollicitudinorci.org,3,8,4,16
90000050,Et Magna Praesent Associates,612-2959 Phasellus Avenue,0213343,hendrerit@molestieorcitincidunt.edu,Ian,Coleman,65907382288,Quisque.fringilla.euismod@necmaurisblandit.net,4,22,1,15
90000051,Eu LLP,"P.O. Box 401, 3429 Leo Street",2701677,metus@tortornibh.edu,Xandra,Cotton,27863325047,ante.bibendum.ullamcorper@sed.com,6,19,4,7
90000052,Mauris Ipsum Porta Corp.,"855 Risus, Rd.",0905670,litora.torquent.per@ut.edu,Roanna,Frost,05224275606,convallis.erat@ipsum.co.uk,3,1,1,5
90000053,Risus LLC,2119 Scelerisque Avenue,9145684,ut@tristique.com,Faith,Caldwell,13648183321,ornare.elit@aliquet.net,1,14,1,19
90000054,Habitant Morbi Tristique Inc.,Ap #742-697 Mi Av.,3393335,sodales.Mauris.blandit@malesuada.co.uk,Venus,Mason,18059646722,libero.et.tristique@laciniaatiaculis.edu,4,6,4,22
90000055,Ipsum LLP,Ap #373-955 Tempor St.,6689964,facilisis.magna@Quisqueliberolacus.edu,Jesse,Torres,55416414325,erat.Etiam@quislectus.edu,2,22,1,6
90000056,Quam Dignissim Limited,"Ap #450-2445 Sed, Av.",0266148,Suspendisse@est.ca,Cyrus,Santos,91950584669,a.mi@dapibusligula.net,5,11,2,15
90000057,Orci Luctus Et Corp.,"P.O. Box 809, 3953 Dictum St.",5169093,Pellentesque@sitamet.org,Deborah,Kinney,77771523385,vehicula.et@elementumdui.co.uk,2,13,4,2
90000058,Arcu Vel Inc.,8612 Adipiscing Street,5590505,Nunc.ut.erat@aceleifendvitae.co.uk,Vivian,Mcgee,69954260113,Aliquam@aliquet.edu,2,9,3,2
90000059,Donec Luctus Corp.,185-7780 Augue Road,0662008,sed.libero.Proin@dolornonummy.ca,Andrew,Osborne,96556010775,non@Aliquamvulputateullamcorper.com,4,4,1,9
90000060,Consequat Lectus Sit Foundation,"P.O. Box 346, 2551 Vulputate Ave",2521734,lorem.auctor@at.com,Leah,Gaines,72487775936,pede.Cras.vulputate@Suspendisse.edu,2,21,2,2
90000061,Ut Foundation,9802 Magna. Rd.,5885151,Sed.pharetra@dolorsitamet.ca,Keelie,Mckay,50034690108,Cras.vehicula@ligulaAeneangravida.com,2,19,2,19
90000062,Cras Company,189-3344 Nunc Rd.,7785981,mollis.Integer@bibendumDonecfelis.co.uk,Quynn,Owens,50944433029,orci@nequenon.edu,2,17,1,18
90000063,Vel Arcu Company,Ap #397-1137 Mauris Avenue,9715521,ante.Nunc@elitfermentum.org,Gannon,Frost,34265376372,Morbi.sit@magna.co.uk,5,5,2,10
90000064,Sociis Natoque Penatibus Corporation,"P.O. Box 685, 8767 Class Rd.",8493437,Aenean.eget.magna@luctuslobortisClass.edu,Asher,Battle,87257356752,accumsan.sed.facilisis@erat.org,1,18,3,16
90000065,Tempus Scelerisque Lorem LLP,"Ap #865-2369 Vitae, Av.",4726236,arcu@risusDuis.co.uk,Ginger,Hale,16401462971,diam.eu@interdum.co.uk,6,17,2,1
90000066,Vivamus Institute,881-6659 Egestas Road,4406936,in@liberoMorbi.ca,Sonya,Avila,53918058606,risus.Nunc.ac@DonecestNunc.co.uk,3,3,2,5
90000067,Turpis Vitae Purus Company,7140 Vitae Av.,5020172,Praesent.eu.nulla@estmollis.co.uk,Shad,Pugh,15462499905,Aliquam.ultrices.iaculis@odioAliquamvulputate.net,6,15,1,13
90000068,Luctus Lobortis Class Corporation,451-7929 Natoque Ave,0161290,erat.eget@Utnecurna.com,Nadine,Noel,26254431297,sed@sit.org,1,14,4,2
90000069,Lobortis PC,"P.O. Box 110, 1380 Sed Road",1460506,cursus.non@eudoloregestas.ca,Omar,Conway,30252807395,consequat.nec.mollis@primisinfaucibus.net,1,8,3,11
90000070,Aliquam Eu Accumsan Corp.,928-593 Aliquet Rd.,8349213,Quisque@Craslorem.edu,Kelsie,Mcknight,29722966313,egestas.Duis.ac@Praesent.co.uk,4,17,3,22
90000071,Nibh Vulputate Consulting,"P.O. Box 238, 8847 Conubia Rd.",2921172,Nullam.lobortis@Phasellusfermentumconvallis.org,Jesse,Snyder,00742824968,molestie.orci@elitpellentesquea.net,3,13,3,9
90000072,Vel PC,"P.O. Box 494, 4284 Et Rd.",7995303,cursus.a.enim@natoquepenatibus.org,Graiden,Pratt,20659915654,erat.eget@massa.ca,3,10,4,19
90000073,Nibh Lacinia Orci Corp.,"P.O. Box 486, 221 In, Rd.",5644056,lacus.varius@et.edu,Petra,Keith,43924991321,Nam.nulla@nec.edu,3,2,3,3
90000074,Mauris Associates,Ap #120-7503 Est Road,0755363,Vivamus.sit.amet@ultrices.net,Burke,Diaz,28727659005,rhoncus.Nullam.velit@ornare.co.uk,6,16,1,10
90000075,Blandit Enim Consulting,647-4856 Aenean Road,3517289,amet.risus.Donec@rhoncusProinnisl.net,Teagan,Donovan,48630478297,Nam.tempor.diam@interdumCurabitur.edu,4,21,4,8
90000076,Et Magna Foundation,"P.O. Box 146, 1046 Lacinia. Rd.",9775823,Maecenas@ac.org,Kellie,Holder,75268910042,Vivamus.non.lorem@vitaevelit.co.uk,3,22,4,7
90000077,Porttitor Corp.,"P.O. Box 146, 2018 Arcu St.",9427930,sed.facilisis.vitae@ridiculusmus.edu,Kadeem,Perez,14800237129,nisl@nequeNullamnisl.net,3,8,1,14
90000078,Donec Feugiat Consulting,"P.O. Box 103, 1127 Bibendum Rd.",4491415,vitae@tellusPhasellus.edu,Keegan,Battle,24936224929,Suspendisse.tristique.neque@neque.org,5,4,4,15
90000079,Felis Eget Associates,Ap #814-8646 Dui Ave,2775370,ac@egestasAliquamnec.net,Illana,Downs,07137475223,sed.hendrerit@justo.com,5,1,1,20
90000080,Purus PC,Ap #508-4469 Volutpat St.,1658728,lorem.ipsum.sodales@Curabiturconsequatlectus.edu,Chava,Collins,50264429666,ullamcorper.Duis.cursus@nisiMaurisnulla.ca,4,2,4,21
90000081,Nulla Cras Eu Associates,"Ap #753-7075 Mi, Road",2655090,pede.malesuada.vel@neque.com,Lacey,Payne,35305117826,ultrices.iaculis.odio@pharetra.ca,1,14,3,6
90000082,Vitae Institute,1302 Turpis Ave,3971033,elit.Etiam@liberoProinmi.ca,Rigel,Price,19823408871,pretium@ipsumsodales.com,2,9,1,15
90000083,Libero Integer Inc.,Ap #126-4031 Purus Av.,6081604,non.lobortis@egetvolutpat.org,Jakeem,Avery,84235767312,non.sapien.molestie@iaculisneceleifend.edu,5,3,4,5
90000084,Odio Auctor Vitae Limited,Ap #794-2363 Rutrum Rd.,2000071,Nulla@arcuAliquam.org,Lesley,Branch,60773894710,tempus.non.lacinia@pellentesqueeget.org,4,3,1,9
90000085,Pharetra Sed Hendrerit Ltd,6543 Ultrices. Avenue,8820817,sapien@tortorNunccommodo.edu,Chandler,Frazier,71328664883,varius.et@Ut.co.uk,4,18,2,19
90000086,At Corp.,"P.O. Box 641, 7891 Sed Rd.",1630087,sodales.at@duinec.ca,Kareem,Potter,23826439676,tortor.at@nonvestibulum.co.uk,6,12,4,4
90000087,Dignissim Magna Limited,639-6848 Nunc Av.,5650640,Vivamus.molestie@gravida.ca,Cooper,Cardenas,75441991293,arcu.vel.quam@at.co.uk,2,14,1,14
90000088,Rutrum Eu Ultrices Consulting,"8539 Vestibulum, Rd.",1376243,in@eusemPellentesque.ca,Colorado,Garcia,96653574741,metus@velturpis.edu,2,3,3,9
90000089,Justo Eu Arcu Consulting,"P.O. Box 308, 6864 Tincidunt Street",6345976,convallis@orciDonec.edu,Myles,Shannon,70132425380,Aliquam.gravida@fringilla.com,4,14,4,5
90000090,Amet Metus Aliquam Inc.,"4520 Est, Rd.",8982883,condimentum.eget.volutpat@fames.com,Kennedy,Hickman,89812124021,elit.elit.fermentum@egetipsum.ca,1,11,2,9
90000091,Ridiculus Mus Limited,5929 Sed Ave,6798633,aliquet@at.ca,Derek,Marsh,38946271679,euismod@Phasellusfermentum.edu,3,8,2,10
90000092,Auctor Limited,7978 Sed St.,4057469,eu@nuncsedpede.org,Yoshio,Jefferson,04613027577,odio.semper.cursus@lobortis.org,3,4,4,19
90000093,Libero At Ltd,Ap #334-8024 Vestibulum Rd.,7203144,sodales.purus.in@sitametnulla.ca,Kenyon,Potter,52997398723,luctus@purusMaecenaslibero.com,2,17,1,18
90000094,Odio Aliquam Vulputate PC,"P.O. Box 354, 4836 Amet, Avenue",2412325,arcu.vel@velit.net,Nita,Downs,70161994395,ligula.Aliquam.erat@malesuada.org,2,19,3,7
90000095,Elit Corp.,235-5519 Ut Rd.,7890729,Curabitur.sed.tortor@nec.ca,Cole,Ball,72022580390,ultrices.posuere.cubilia@eueleifendnec.ca,3,3,2,15
90000096,Id Foundation,192-8666 Vestibulum Ave,7130750,Phasellus.fermentum.convallis@elita.ca,Zane,Fuentes,82975332798,dui.Suspendisse@Ut.com,1,4,1,18
90000097,Lacus Foundation,Ap #701-8858 Diam Avenue,1766158,Sed.molestie@urna.net,Hayley,Chan,37609946496,magnis.dis@nec.edu,1,5,1,22
90000098,Ultrices Vivamus Foundation,3307 Hendrerit. Rd.,3613132,condimentum.Donec.at@elit.com,Orlando,Flores,37371745855,purus.mauris@odioauctor.ca,1,7,1,5
90000099,Turpis Corp.,Ap #126-1126 Justo. Street,0995910,velit@vulputate.co.uk,Reagan,Cash,05342180033,a.nunc@semmolestiesodales.com,6,1,1,14